,text_1,text_2,label,L2_score
0,take measures in order to,take additional measures to,4.0,14.48609733581543
1,was seeking to,will strive to,3.0,17.370439529418945
2,canada aims to,canada works to,2.333,14.985574722290039
3,refugees and,refugee population,2.667,25.314369201660156
4,measures and,"instruments , and",3.0,19.087221145629883
5,provide both,", is provided",3.667,22.492233276367188
6,policy goals,political goals,4.333,19.216856002807617
7,of non-governmental organisations,for non-governmental organizations,4.0,13.539595603942871
8,of the service,of services are,3.333,16.220325469970703
9,resource availability .,of the resources available .,5.0,19.37296485900879
10,all nations that,all the countries that,5.0,10.241010665893555
11,now continue,in continuing,4.0,21.298194885253906
12,the issue of,the questions of,3.667,18.159440994262695
13,not already,there were no,1.6669999999999998,24.8941593170166
14,two types,two different types,4.667,13.50918960571289
15,you doing up there,you doin ' up here,5.0,13.731596946716309
16,", religions",religious and,3.333,25.19405746459961
17,matters that are,"subject matter ,",2.333,22.855083465576172
18,continues to play an,there continues to be a,3.333,18.242429733276367
19,mitigate the consequences,reduce the impact,5.0,17.46140480041504
20,", in certain instances",", in some instances",4.667,9.118974685668945
21,of alternative measures,of other measures,4.667,14.926322937011719
22,be improved,be consolidated,3.333,16.116682052612305
23,p.m. to 4:00 p.m.,a.m. to 4 p.m.,3.0,11.7014741897583
24,did n't he,do n't know what it is,2.667,18.06120491027832
25,you are about,you 're not gonna,2.667,18.06676483154297
26,police investigations,an investigation,2.667,23.507658004760742
27,and the human rights,", and rights",3.333,19.02093505859375
28,is colonel,'s colonel,4.333,16.422029495239258
29,", including in particular the",", particularly those of",2.667,15.37780475616455
30,been permitted to,is allowed to,4.333,12.226200103759766
31,is considered that,is believed that,3.333,13.965486526489258
32,of human trafficking .,the trafficking of human beings .,3.333,16.079044342041016
33,of the commission for the,committees on,1.3330000000000002,22.92567253112793
34,it is committed,the government is committed,2.333,13.094120979309082
35,- when did you,"well , did you",3.333,14.874073028564453
36,we have to go .,we should get going .,3.0,13.29201602935791
37,and the mark,and the trade mark,4.667,13.942352294921875
38,", detailed",issue in detail,4.333,21.027751922607422
39,was an emergency,was urgent,2.667,18.467458724975586
40,those wishing to,persons who wish to,4.333,16.51264762878418
41,others and,other jurisdictions and,3.333,17.3852481842041
42,convention provides,convention shall be,4.0,19.92803955078125
43,both employers,the employer shall,3.0,22.2641544342041
44,compromise is,compromise proposed,3.333,16.070087432861328
45,is anxious to,is intended to,3.667,17.291820526123047
46,considerably better,much better,3.667,16.946279525756836
47,"additionally , it","in addition , it has",3.667,12.442936897277832
48,proposals presented in,the proposals contained in,3.333,16.108394622802734
49,works well,are working,1.6669999999999998,23.914043426513672
50,report addresses,report is,3.667,17.034860610961914
51,"of treaties ,",nations treaty,2.333,23.247478485107422
52,it is concerned that,it notes with concern that,4.0,14.63320255279541
53,"fight against racism ,","fighting racism ,",3.0,13.588043212890625
54,provides an overview of the,gives an overview of,3.667,11.539027214050293
55,data are available,data base,2.667,22.439661026000977
56,note with appreciation that,note with satisfaction that,4.0,10.74191951751709
57,of the following draft decision :,the following draft resolutions :,4.333,14.22455883026123
58,"yes , she is","yeah , i 'm sure",3.667,16.300174713134766
59,ability to,they are able to,2.667,20.544734954833984
60,we are confident that,we strongly believe that,4.667,14.589335441589355
61,provincial governments,in the provinces,2.667,23.696870803833008
62,- everything is,- that 's all,2.333,15.889634132385254
63,"- yeah , i do","- yes , he did",4.333,13.765803337097168
64,be regarded as a,be considered to be an,3.667,13.498687744140625
65,withdraw,considered withdrawn,4.0,26.865747451782227
66,of the highest importance,of the greatest importance,4.333,9.87380313873291
67,invited committee members,invited the committee,3.333,14.153250694274902
68,very sorry,"sorry , guys",4.667,20.32459831237793
69,is implemented in,be applied in,2.0,16.294740676879883
70,the contents,the content,5.0,13.471684455871582
71,arguments presented,-rrb- arguments,3.0,22.838651657104492
72,has all along been,have long been,4.667,18.261184692382812
73,the policy objectives,the aims and objectives,2.667,15.04871654510498
74,responding to questions,answer the questions,4.333,19.5116024017334
75,fair and adequate,fair and appropriate,3.667,8.605074882507324
76,is just not,'s just not,4.333,12.21117115020752
77,is to ensure that,guaranteeing that,3.0,19.236188888549805
78,further consideration of the item,discussion of the topic,3.667,16.461381912231445
79,preventing the use,prevention of the use,4.333,16.073335647583008
80,men were,two men were,3.333,14.959968566894531
81,you are all,you 're all,4.333,8.322778701782227
82,of qualifications and,of skills and,3.667,13.053343772888184
83,is an important stage,is an important step,2.333,10.704848289489746
84,prepared by,report prepared by,4.667,16.71383285522461
85,such issues should be,these issues should be,4.0,9.248385429382324
86,regarding the application of the,on the operation of the,3.667,14.348828315734863
87,to discuss,to be considered in,3.0,20.17018699645996
88,3/12/2005 ad -lrb- updated,", 20/11/2005 ad -lrb- updated",2.333,8.188982963562012
89,do n't know what happened,do n't know anything,3.667,11.846673011779785
90,of the society,community was,2.667,23.804380416870117
91,accordance with the provisions of article,provided for in article,2.0,19.965946197509766
92,include the following :,will be the following :,2.0,13.666609764099121
93,on implementing the,concerning the implementation of the,4.0,15.927956581115723
94,recommendations of the task,recommendations of the panel of,3.667,14.289993286132812
95,of ammunition,"munitions ,",1.6669999999999998,23.147384643554688
96,outlined that,"indicated that ,",3.667,19.006019592285156
97,neither is,", nor was",3.0,20.192466735839844
98,", the board established",", the council established",3.0,11.701556205749512
99,presented by,pointed out by,3.0,21.732999801635742
100,was noticeably,have been distinctly,4.333,20.10350227355957
101,let 's get to it,"right , let 's get going",3.0,13.023186683654785
102,distributed to,to submit to,2.0,23.942251205444336
103,have put in place,has put,3.333,15.995108604431152
104,including references to,have referred to,4.667,20.0915470123291
105,"committee , having",the commission on the,3.667,19.239290237426758
106,probe into,investigation was,2.333,22.09037971496582
107,go forward with,go ahead with,5.0,13.819725036621094
108,now i feel,i 've been feeling,3.667,17.880022048950195
109,is therefore important,is why it is important,3.667,16.3114070892334
110,or programs,"programmes , as well",2.0,19.703243255615234
111,take responsibility for,be responsible for,5.0,17.77272605895996
112,i 'm an idiot,i 'm such an idiot,4.667,8.965688705444336
113,", including where",", particularly where",3.667,12.663190841674805
114,- you did n't,- i do n't believe this,2.0,15.221678733825684
115,its grave concern at :,its serious concern at :,4.667,8.467111587524414
116,", having regard to the",in respecting the,3.0,17.473644256591797
117,conflict resolution,conflicts have,3.0,23.47133445739746
118,be utilized for,to be used for,3.667,12.23599624633789
119,enter into force,brought into force,4.667,20.92716407775879
120,followed closely,has been closely following,4.667,22.740495681762695
121,greater participation of,greater involvement of,4.333,12.246859550476074
122,continue its consideration of this matter,continue consideration of this issue,4.333,9.060458183288574
123,all members of,the states members of,4.0,16.40079116821289
124,you 're talking,you talk,3.333,16.33790397644043
125,", particularly the","and , in particular , the",3.667,12.876206398010254
126,seems to be an,now seems to,2.667,16.6505069732666
127,endangered wildlife in,endangered species in,2.333,12.52979564666748
128,", activities and","operations , and",3.0,15.234260559082031
129,/ or recommendations,audit recommendations,2.667,25.195215225219727
130,purposes are,"goals and objectives ,",4.0,24.298803329467773
131,you worry,you 're worried about,4.333,17.04366683959961
132,report refers to the,report mentions the,5.0,15.450235366821289
133,relating to the situation in,regarding the situation in,4.667,9.212143898010254
134,provincial and territorial,the provinces and territories,3.667,23.64565086364746
135,provisional agreement,interim agreement,3.333,16.522655487060547
136,why do i say that,why would they be doing that,3.0,15.046682357788086
137,center of gaza strip,central gaza strip,4.667,17.63150978088379
138,on the question of the,on the issue of,3.0,12.433405876159668
139,are reproduced in annex,appear in annex,3.0,14.231313705444336
140,"- yes , she did","yes , that 's it",3.333,13.101480484008789
141,advice from the,to the views of the,3.0,19.08568000793457
142,have thus been,have therefore been,3.333,9.19999885559082
143,referred to in paragraph,referred to in section,4.333,9.53602409362793
144,are accepted,is to be adopted,2.0,19.350570678710938
145,"of data ,",data are available,2.667,20.239999771118164
146,certain circumstances -lrb-,some cases -lrb-,4.667,22.47487449645996
147,are fundamental,is a key factor,3.0,21.17081069946289
148,- how 're you doing,- how you doing,4.0,10.296757698059082
149,a bit tired,really tired,3.667,19.48805809020996
150,various regional groups,regional groups,3.667,13.209321975708008
151,relationships are,relations officer,1.6669999999999998,26.161598205566406
152,given time,given point in time,3.0,17.830219268798828
153,attach importance to,attached special importance to,3.667,15.934852600097656
154,police officers and,", the police and",3.333,17.005464553833008
155,used to think that,was just thinking that,3.333,17.02212142944336
156,assumed responsibility,they are responsible for,3.667,23.752351760864258
157,departments of education,ministry of education,4.333,18.204687118530273
158,of the tribunal for the,of the courts to,3.0,14.636293411254883
159,it supported the,and endorsed the,2.0,15.714245796203613
160,"dominic , i am so sorry",- i 'm sorry,4.0,13.9703950881958
161,aims to,is making an effort to,2.333,20.439945220947266
162,'s very important for,was very important for,4.667,11.59713077545166
163,everything looks,all this is,3.333,23.78460693359375
164,apply them,to be implemented,3.667,25.602903366088867
165,of small arms .,of use of nuclear weapons .,2.0,19.941635131835938
166,non-governmental organizations,the non-governmental organisations,4.333,14.965412139892578
167,are implemented,be put into effect,3.333,20.37076187133789
168,is illustrated in,is listed in,4.0,17.006248474121094
169,and the costs of,and cost of,5.0,13.650266647338867
170,of people with disabilities,of persons with disabilities,5.0,8.426949501037598
171,are at present,is currently the,3.0,18.552499771118164
172,been actively involved,actively engaged,5.0,17.868148803710938
173,participate effectively in,be actively involved in,3.667,19.43258285522461
174,'s hard to believe,is hard to believe,4.0,9.36597728729248
175,but were,", but rather that",3.333,15.2758207321167
176,all necessary steps to,all measures necessary,4.667,17.395387649536133
177,the baltic states,the baltic sea,2.667,17.609439849853516
178,the goals set out in,the objectives set forth in,3.0,12.781856536865234
179,each state party to,states parties to,3.667,18.152774810791016
180,documentation and,documents and to,4.0,15.51250171661377
181,will leave,'m leaving,3.667,18.42047119140625
182,plenary meetings and,plenary sessions and,3.667,9.928982734680176
183,", but rather that",", but it is",3.333,12.350936889648438
184,cases even,case then,3.667,21.892578125
185,"report , dated",report of the work of the,3.333,19.49815559387207
186,agreement reached,to reaching,1.3330000000000002,28.011110305786133
187,development of a,of setting up a,3.667,19.000314712524414
188,persons with reduced mobility,passengers with reduced mobility,5.0,14.563847541809082
189,the knowledge and,the skills and,2.667,14.565849304199219
190,measured in,measured during,4.0,12.929152488708496
191,", the sources said",the officials said,4.667,13.706134796142578
192,had originally been,had initially been,4.667,7.6038384437561035
193,and we are,", and we stand",3.667,12.496258735656738
194,most of its,the majority of its,2.667,14.313589096069336
195,where are you taking him ?,wh-where are you taking him ?,4.667,4.908291339874268
196,concepts and,to the principles and,2.667,18.827001571655273
197,"yes , that 's true .","yes , it does .",2.333,11.96480655670166
198,of facilitating and,facilitation and,4.333,17.006145477294922
199,to implement its,to carry out the,4.333,16.536523818969727
200,rates at,rate is,3.0,17.611936569213867
201,strives to,to pursue efforts to,3.333,19.2651424407959
202,are currently under,is under way,4.667,17.595182418823242
203,'s what it is,'s exactly right,3.0,20.39702033996582
204,and non-governmental organizations ;,and ngos ;,4.333,19.946325302124023
205,established within,created in,3.333,21.954723358154297
206,moved forward,move ahead,3.667,20.421445846557617
207,is thanks to,thank you to,2.667,20.464563369750977
208,these programmes,the two programmes,4.667,16.427072525024414
209,their special needs,their particular needs,4.333,15.05129623413086
210,the euro area,the euro zone,3.667,9.818414688110352
211,a view to improving,to help improve,3.333,20.733068466186523
212,'s losing,is losing,3.333,14.825448036193848
213,legal regulations,of regulations,3.667,23.329181671142578
214,and the outcome,and the results,4.667,10.330658912658691
215,will be issued in,will be included in,4.667,15.079190254211426
216,generating electricity,produce electricity,3.667,18.177967071533203
217,required by the,", in accordance with the",2.667,18.470138549804688
218,miles away,kilometres away,3.0,14.401041030883789
219,n't leave you,n't let you,3.667,16.813213348388672
220,a rise in,has been an increase in,3.667,16.22054672241211
221,"oh , uh , yeah","yes , the hell there is",2.333,21.29115867614746
222,that 's exactly who i am,that 's correct,2.667,17.01926040649414
223,partnership established,"partnership """,4.0,19.582584381103516
224,are very close .,'re so close .,2.333,11.385558128356934
225,came back,was coming,2.0,19.6299991607666
226,even dressed,dressed,4.0,22.909393310546875
227,were different,to differ,2.667,21.65329933166504
228,products and services in,product and service,4.333,17.65092658996582
229,relevant legislation,laws and regulations,4.0,23.705408096313477
230,speculate that,is suggested that,3.667,20.074491500854492
231,reports presented to the,reports before the,4.0,16.128585815429688
232,best contribute to,contribute to,3.667,17.29580307006836
233,for the purposes,only for the purpose,4.333,14.09798526763916
234,"right , right , yeah","yes , it is",3.667,20.906923294067383
235,i 'm not scared,- i 'm not afraid,5.0,9.393108367919922
236,approximately 200 000,about 200 000,2.0,8.45535659790039
237,achievement of the goals of the,achieve the goals of the,4.333,10.36780834197998
238,'s coming this way .,'m coming in .,3.667,16.568557739257812
239,appropriate ways to,ways and means of,3.667,20.459476470947266
240,also encourages the,also calls upon the,2.333,16.289304733276367
241,is an issue that,is a subject that,2.0,12.412867546081543
242,funds will,funding is,2.667,19.262083053588867
243,resources to,"available resources , to",3.667,15.445341110229492
244,listed in annex,contained in annex,4.0,17.389917373657227
245,"thoughts , no","- no , dad",2.333,20.34123420715332
246,- so what happened ?,"-well , what happened ?",4.667,9.701377868652344
247,educational system in,education system in,4.667,9.205061912536621
248,once again reiterate,once again reaffirms,3.0,9.83747386932373
249,", as are the",as well as on the,2.667,16.289148330688477
250,routes used,routes of,3.667,17.800954818725586
251,was pleased to note that,notes with satisfaction that,4.333,17.753093719482422
252,", arrived here",arrived in the,4.0,15.847902297973633
253,- these are,"- well , this is",1.3330000000000002,14.792741775512695
254,is over .,'s all over .,3.0,13.727144241333008
255,of supporting and,'s support of,3.667,18.27383041381836
256,ask the secretary-general,requested the secretary- general,3.0,21.61639404296875
257,parties to the treaty,the states parties to the treaty,4.0,10.109302520751953
258,beginning of the first,start of the first,4.667,8.85639762878418
259,are benefiting from,take advantage of,4.0,22.909889221191406
260,"by its president ,",by the chairman,3.333,13.790935516357422
261,be necessary for the,was essential for,4.0,14.41311264038086
262,that situation,such a situation,3.333,16.43915557861328
263,attention is paid,pay attention to the,4.667,21.86215591430664
264,add to the,", contributing to the",3.0,17.29388999938965
265,you 're pretty,you look pretty,5.0,16.591405868530273
266,board of directors and the,board and the,3.0,13.767477035522461
267,resources and,", natural resources and",4.0,16.16931915283203
268,and the suggestions,and propositions,4.333,15.053550720214844
269,am in favour of,expressed support for,3.0,22.46653175354004
270,"no , we wo n't","no , he does n't",2.333,10.590520858764648
271,grown increasingly,becoming ever more,3.333,27.59490203857422
272,sbi decided to,sbi agreed to,4.0,11.842219352722168
273,are attending,participate in the,3.0,20.289466857910156
274,which was indispensable,which was vital,3.333,8.145671844482422
275,of not less than 3,of not less than three,4.0,6.863099575042725
276,of russia 's,of russia,4.667,12.208380699157715
277,would help to,is instrumental in,3.0,22.41275978088379
278,this is not a toy,it 's not a toy,5.0,10.072835922241211
279,scared to death,really scared,3.667,21.525035858154297
280,have an opportunity,were given the opportunity,3.667,16.530155181884766
281,shall be defined by,are established by,3.667,20.534439086914062
282,require for,needed to be,4.0,21.17043685913086
283,is ensuring that,is to guarantee that,4.333,13.397176742553711
284,there is still,there may be,3.333,14.895522117614746
285,risen significantly,increased substantially,3.667,18.824323654174805
286,is of vital importance that,is necessary that,3.0,17.657028198242188
287,of participating,of engaging in,3.667,17.258188247680664
288,it has become a,has now become a,4.333,10.856033325195312
289,has reviewed and considered,considered by,4.667,20.27962875366211
290,is primarily due to,is largely due to,4.667,7.913748741149902
291,", with special emphasis",", including , in particular",2.667,17.237924575805664
292,targeted,well targeted,4.333,24.320377349853516
293,intensive debate,intense debate,3.333,16.13370132446289
294,indicated that they,indicates that he,3.667,10.358185768127441
295,countries members of the,countries in the,3.333,14.088067054748535
296,it was a party to,is a state party to,3.333,13.920947074890137
297,"now , however ,","there is , however ,",2.333,15.648992538452148
298,very crucial,very critical,5.0,10.124449729919434
299,took place during,had taken place in,4.333,11.86585807800293
300,almost 25 per cent,nearly 25 per cent,5.0,4.042043209075928
301,is crucial that,is vitally important for,2.667,14.071982383728027
302,council members held,the members of the council welcomed,3.333,19.148075103759766
303,showed that it,demonstrated that it,4.0,11.88664436340332
304,"- yeah , that 's it","- yes , he did",3.333,13.271404266357422
305,equal treatment of men and,equality between men and,3.333,17.123472213745117
306,'m wondering,wonder,4.0,26.433324813842773
307,", i wish to begin",", i should like to begin",4.667,10.605260848999023
308,has been actively engaged in,has been active in,3.0,11.527464866638184
309,participating in,are invited to participate in the,2.333,17.396982192993164
310,is vitally important,is imperative,3.333,19.342662811279297
311,correspondents and,reporter and,2.333,19.662235260009766
312,reporting guidelines,""" guidelines",4.333,23.026729583740234
313,really were,'re really,1.6669999999999998,14.92407512664795
314,are fairly,are relatively more,2.0,14.172699928283691
315,of basic rights,"for fundamental rights ,",4.667,17.651273727416992
316,", the panel found",", the committee found",3.667,8.310063362121582
317,of contacts between new,of the relationship between the,3.667,14.29032039642334
318,is crucial to,would be important to,4.0,12.177457809448242
319,significantly increased,much more significant,3.0,21.644338607788086
320,and the next day,"the following day ,",4.667,14.09456729888916
321,what were your intentions,"why , what 's the matter",2.667,16.719905853271484
322,of the opinion that,are of the view that,5.0,14.171843528747559
323,their member states,their members,2.333,14.21116828918457
324,an increase of almost,an increase of nearly,3.667,3.6437840461730957
325,is a major component,are an important part,3.333,16.321298599243164
326,are certainly,have actually,4.333,21.497055053710938
327,", the council is",", the council extended",3.0,9.73408031463623
328,", this is a",this represents an,4.333,17.86705780029297
329,", resulting from the",derived from the,3.667,17.29602813720703
330,"so , what is it ?",what 's all this ?,4.333,14.447025299072266
331,levels in,level -lrb-,3.333,25.07145118713379
332,presented in,was reported in,4.333,20.890798568725586
333,council was,"security council ,",3.333,21.41957664489746
334,opportunity to present,the possibility of submitting,3.333,20.404882431030273
335,is absolutely,is all very,2.667,19.06111717224121
336,becoming members,become part,3.667,21.115991592407227
337,", it is required to",there is a need to,4.0,15.519014358520508
338,reminded the public,reminds members of the public that,3.333,15.484249114990234
339,and i am happy to,", and i am glad",3.333,11.09528636932373
340,offence was committed,"criminal offence ,",1.3330000000000002,19.85987663269043
341,to include in,be contained in,3.0,18.821752548217773
342,counsel recalls that,""" the security council recalls that",3.667,18.43266487121582
343,the results of such,results of this,3.333,12.520069122314453
344,- is it,"- hey , it",3.333,16.13585090637207
345,reaffirms that the,reaffirming that the,3.667,8.973031997680664
346,n't eaten anything,n't eaten,3.667,14.526542663574219
347,why did n't you say something,why do you want to,3.0,14.988289833068848
348,first six months,first six months of this year,4.0,14.81352424621582
349,in the circumstances,under the circumstances,4.667,15.647896766662598
350,parliament needs to,this house must,2.667,24.975772857666016
351,appreciates the efforts,appreciated the efforts,4.667,8.193453788757324
352,the protection provided for in this,the protection provided under this,5.0,10.92926025390625
353,program objectives,the program 's objectives,3.667,15.643104553222656
354,"yeah , he does","of course , yeah",2.667,17.641618728637695
355,their decision,their own decisions,3.667,16.429092407226562
356,my fear is that,my concern is that,4.0,10.283374786376953
357,achieving sustainable,sustainable management,4.0,26.41642189025879
358,who maintain,who are in,4.0,16.929445266723633
359,"- yeah , this is","- yeah , he 's",3.333,8.994453430175781
360,a huge opportunity,a great opportunity,4.0,11.667016983032227
361,and detailed,detailed description,2.667,22.742252349853516
362,and that is exactly,and precisely,3.0,15.315299034118652
363,results of an,the outcome of the,4.0,17.026309967041016
364,-roger who is this,- who 's that,3.333,15.039559364318848
365,continued for,continues with,3.667,15.148115158081055
366,of aboriginal languages,of indigenous languages,4.0,11.017374038696289
367,sufficient enough,insufficient,1.6669999999999998,22.466228485107422
368,is the establishment of,is to set up,3.667,19.568330764770508
369,in the development and implementation of,in the elaboration and implementation of,2.333,10.207037925720215
370,'s very important that,was essential for,4.333,18.172563552856445
371,"no , that 's not true",it is not true,4.333,13.156763076782227
372,center was,centre was,4.0,10.567122459411621
373,may remain,continued to be,3.667,20.37844467163086
374,customs clearance,customs,2.667,20.746313095092773
375,it is crucial that,it is also essential,3.0,11.263322830200195
376,i am scared,i 'm so scared,4.667,10.944816589355469
377,assistance payments,assistance to,3.0,20.451475143432617
378,but i am,"well , i 've",3.333,17.134422302246094
379,get involved,had been involved,3.667,19.84356689453125
380,considered and adopted,discussed and adopted,4.0,13.970734596252441
381,the differences among,the differences between,3.667,8.875053405761719
382,and regulations of,and rules of the,3.333,13.394312858581543
383,the arab states,the arabs,4.0,15.88692569732666
384,reaffirm the,", reiterating",3.667,21.853822708129883
385,on the development of a,the process of drafting a,3.0,17.31256675720215
386,achieving a higher degree of,achieve greater,3.333,20.470565795898438
387,to avoid,thus avoiding,4.333,19.427419662475586
388,i work,i really am,3.0,20.556930541992188
389,has not yet been,have not already been,5.0,12.30917739868164
390,examination of the question of the,consideration of the issue of the,3.333,15.103228569030762
391,- what 's that mean,what 's that supposed to mean,4.667,11.110631942749023
392,list -rrb-,-rrb- listed,3.333,20.40943145751953
393,pertinent terms and conditions of,requirements for the,3.333,22.55849838256836
394,cost of transportation,cost of transporting,4.667,10.604266166687012
395,this is unbelievable,- you 're unbelievable,4.667,17.400388717651367
396,'re really,are really,3.333,10.023941993713379
397,rule 160,article 160,3.0,24.647090911865234
398,it emphasises,the state party emphasizes,3.0,21.836097717285156
399,sake of the,interests of both the,3.667,20.517234802246094
400,are relevant to the,shall apply to the,3.333,16.939411163330078
401,and submit them,and present them,3.333,16.77818489074707
402,goes well beyond,go far beyond,3.667,16.07464599609375
403,is worth emphasising,is necessary to underline,2.667,19.3355712890625
404,all necessary measures for,all appropriate measures to ensure that,4.333,13.649450302124023
405,order to improve,", with a view to improving",3.0,18.506481170654297
406,is absolutely,is definitely,4.333,14.52942943572998
407,management regimes,regulatory regimes,4.0,21.24021339416504
408,"yes , i am","oh , yes , you are",2.667,15.271552085876465
409,strengthening cooperation among,strengthened cooperation between,3.667,12.277335166931152
410,nuclear weapons and international,nuclear weapons and the,2.0,11.283945083618164
411,"acknowledges ,",was acknowledged,4.667,18.828872680664062
412,drafting committee,drafting of a,3.0,22.019855499267578
413,adopted a resolution,adoption of resolutions,4.333,18.803409576416016
414,was underlined that,was stressed that,2.667,11.544756889343262
415,ministers of,prime minister in,3.667,24.852346420288086
416,are bad,be harmful,2.667,21.71970558166504
417,medical doctors,by doctors,4.333,22.877851486206055
418,months back,months away,2.667,16.786725997924805
419,am going to tell you,'m going to tell you,5.0,5.0627312660217285
420,are operated by,are carried out by,4.333,16.205280303955078
421,been communicated to,been forwarded to,3.667,12.206954956054688
422,are in favour,lend my support,3.667,25.457386016845703
423,"activities , especially","activities , particularly",4.333,4.0671210289001465
424,was still in,are in,3.667,17.5379581451416
425,findings of the,outcomes of all the,1.6669999999999998,18.537744522094727
426,its operations,current operations,2.333,18.902084350585938
427,is not available to,are not subject to,3.333,17.327634811401367
428,even more comprehensive,more comprehensive,4.667,14.885594367980957
429,the proper functioning of,the normal functioning of,3.333,11.024914741516113
430,human rights violation,breaches of human rights,3.0,20.79298973083496
431,"first and foremost ,",the first is that the,3.0,20.161712646484375
432,guiding principles,principles,3.333,22.347763061523438
433,the special rapporteur informed the government,the special rapporteur advised the government,4.667,7.4091925621032715
434,decided to defer the,decides to defer,4.333,11.80518627166748
435,council is,rights council,3.667,25.90892219543457
436,on establishing,to be established,4.333,21.61486053466797
437,also concluded,group concluded,4.667,19.341901779174805
438,of progress made in implementing,of progress in the implementation,4.0,11.507116317749023
439,both the government of,the government is,4.0,14.836370468139648
440,article 78 of,section 78 of,3.667,17.257184982299805
441,was able to,'ve managed to,3.667,17.457977294921875
442,medical services,medical care is,4.667,18.96058464050293
443,adoption by,adopted an,4.0,24.3621768951416
444,and capacity,and the ability,2.667,17.50499725341797
445,ensure the protection of,purpose of protecting,4.0,22.294879913330078
446,"member state , and",member states as well,3.667,15.650568962097168
447,assisted to,is helping to,3.333,23.030452728271484
448,in my answer,in my reply,4.667,9.961804389953613
449,the ship,board ships,3.333,23.261655807495117
450,included in,mainstreamed in,4.0,19.297039031982422
451,preparing for,of the preparations for,4.667,21.023975372314453
452,"no , no , this is","- nope ,",4.0,17.195730209350586
453,is a need for,was vital for,2.333,16.78732681274414
454,is to be,must therefore be,3.667,18.08260726928711
455,and services sectors,and service sectors,5.0,9.809196472167969
456,assets were,asset of,4.0,25.046035766601562
457,"return of refugees ,",refugee return,4.667,22.857559204101562
458,", government departments",departments is,2.667,19.193836212158203
459,- you 're lying,you are a liar,4.667,15.065179824829102
460,real democracy,true democracy,3.667,16.903902053833008
461,am aware,is well known,3.0,24.95283317565918
462,is naturally,are certainly,3.333,19.387414932250977
463,toppled iraqi president saddam hussein,iraqi president saddam hussein,3.0,15.11838150024414
464,passenger traffic,passengers,3.333,26.568265914916992
465,during the elections,at the elections,2.667,15.838408470153809
466,by resolution,-lrb- resolutions,3.0,24.10811996459961
467,financing of this,financing of such,4.333,10.561132431030273
468,has agreed to,has been committed to,4.333,17.022205352783203
469,transportation to,transport to,4.0,9.470800399780273
470,", is committed to",remains committed to,3.0,12.880119323730469
471,said that it,was suggested that it,4.333,12.172952651977539
472,is important for,is critical to,2.0,12.308114051818848
473,major general ghazi,general ghazi,4.333,16.43701171875
474,the counterfeiting,counterfeits,5.0,26.39008331298828
475,policy recommendations,in recommendations,3.0,22.71038818359375
476,committee considers that,is of the opinion that,4.0,21.56272315979004
477,is certainly,is undoubtedly,4.667,10.779678344726562
478,- cost,costs are,3.667,21.292095184326172
479,it is very important that,it was essential for,3.333,12.621206283569336
480,you heard,you 've heard,4.333,12.741868019104004
481,and to enhance their,and strengthening their,4.667,14.905323028564453
482,"collection of data ,",gather data,4.667,22.385066986083984
483,reaffirming that,", reiterating",3.0,18.966567993164062
484,what the hell 's this,what is this,3.667,16.65757942199707
485,ceased to be,to suspend the,3.333,21.227807998657227
486,any requirement,information requirements,3.0,27.080049514770508
487,", it 's clear",", it is clear",4.667,7.2239155769348145
488,and allocation of resources,and resource allocation,4.667,14.873151779174805
489,and this is,and it 's gonna be,2.667,16.473691940307617
490,"are you ok ,","- you all right ,",4.667,17.361778259277344
491,", relating to",", in relation to",3.667,12.425786018371582
492,", achieving","achievement ,",4.0,21.587261199951172
493,both countries in,", the two countries",4.0,15.96056842803955
494,our standard of living,the living standards,4.333,19.661542892456055
495,supplied with,providing them with,3.667,18.790157318115234
496,it is essential for,", it is necessary that",4.333,11.32201862335205
497,achieved in the area of,made in the field of,4.0,16.055240631103516
498,of formulating,process of formulating,3.0,16.344589233398438
499,the troop-contributing countries,the countries,3.0,13.45457935333252
500,at a press conference held,at a press conference,4.333,8.21744441986084
501,be completely,that is absolutely,3.667,22.837068557739258
502,the creation of the state of,the establishment of the state of,5.0,7.546550273895264
503,currently studying,currently working,3.333,16.987695693969727
504,other non-governmental organizations,national non-governmental organizations,3.333,16.765853881835938
505,", i 've just",", but i 've got",3.333,13.049391746520996
506,at all levels of,at all stages of,4.0,14.033288955688477
507,and state governments,"and governments ,",3.0,15.627168655395508
508,work with,'m trying to work with,4.0,17.968215942382812
509,", undertaking",undertaken the,3.667,20.683778762817383
510,were not able to,can no longer be,2.667,20.000396728515625
511,not stopped,not ceased,5.0,16.891897201538086
512,to believe,to be considered,2.667,19.1298885345459
513,aimed at promoting,designed to promote,3.667,16.078405380249023
514,objective is to assist,objective is to support,4.667,8.778778076171875
515,outcomes of its,the results of its,3.667,12.858816146850586
516,is approving,am in favour of,2.333,22.549867630004883
517,was just about to,were about to,4.667,12.094918251037598
518,is an extremely important issue,is very important,3.667,14.978292465209961
519,the security council is ready to,the council is ready to,3.667,9.47192668914795
520,security systems,the security services,4.0,18.33515167236328
521,to points raised,to issues raised,4.0,15.132314682006836
522,"i am single , yes","yeah , i did",1.6669999999999998,18.17487144470215
523,and the ways in,", and the manner in",4.0,12.87513542175293
524,'re funny,is funny,2.667,15.370041847229004
525,conclusions as well as,of conclusions and,4.0,17.93370246887207
526,present proposals,forward proposals,3.333,21.489315032958984
527,"prescribed time ,","prescribed time limit ,",4.333,17.011886596679688
528,is crucial,is a key component,4.333,16.525606155395508
529,goals and objectives,and objectives,4.333,12.603835105895996
530,have already taken steps,has taken steps,4.333,10.663884162902832
531,its cooperation with,its partnerships with,4.0,14.452219009399414
532,of the military and,of the army and,4.333,8.040215492248535
533,"mental illnesses ,","mentally ill ,",4.333,22.82855796813965
534,express our appreciation to the secretary-general,thanking the secretary-general,2.667,18.79657554626465
535,a person under the age,persons below the age,3.667,17.802349090576172
536,continues to experience,has continued to,4.0,14.148486137390137
537,of these negotiations,of the negotiation process,4.0,14.389321327209473
538,", did n't we ?",", did n't l ?",4.0,12.347159385681152
539,"concerned , the committee",", in the committee",3.333,16.694482803344727
540,of the limits,of the limitations,4.0,9.883688926696777
541,shall be retained,is maintained,2.333,20.034530639648438
542,regions across the,regions at,3.333,17.269723892211914
543,everything 's all right,all is well,4.333,19.944868087768555
544,but that is,"- well , this is",3.0,14.729405403137207
545,beginning of this century,turn of the century,2.667,19.860280990600586
546,what happens,what the hell just happened,2.667,20.629619598388672
547,", it is essential",it is important to,4.333,11.974632263183594
548,established in december,created in december,4.0,11.05127239227295
549,"clearly , it",it was clear that,4.0,14.979119300842285
550,reporting obligations,"obligations """,4.0,23.908096313476562
551,maybe this,are perhaps,3.333,21.851987838745117
552,were under,is still under,3.333,17.224468231201172
553,plans is,plan -lrb-,4.667,23.956716537475586
554,order to move,for moving,4.333,19.404577255249023
555,a better understanding of the,improved understanding of the,4.333,12.29983139038086
556,aim is to,'s objective is to,4.333,13.4312105178833
557,"of children , in particular","of children , particularly",4.333,8.372186660766602
558,are currently under way,is in progress,2.667,18.5924072265625
559,have voted in favour,has voted,3.333,16.25052833557129
560,consider that to be,think that is,3.333,15.18518352508545
561,following two reports,following reports,3.667,12.975876808166504
562,protection of the child,welfare of children,3.667,19.776592254638672
563,remind the house,to be reminded,3.333,21.012897491455078
564,already adopted,had been adopted,3.333,17.54620933532715
565,"bodies of the united nations ,","organs of the united nations ,",4.333,11.586053848266602
566,is the question,is all about,3.333,18.20982551574707
567,networks on,"new networks ,",3.333,18.333616256713867
568,enhance international,strengthen international,3.667,16.60068702697754
569,and further promote,and the promotion and,4.667,16.85842514038086
570,objectives for,the specific objectives of,2.667,18.566617965698242
571,"cases , such","cases , these",3.667,10.202159881591797
572,requests the commission,call upon the commission,3.333,18.96586799621582
573,the programme be,the program is,4.667,10.751501083374023
574,order to guarantee,of ensuring that,3.667,21.499502182006836
575,", as indicated in",as referred to in,3.667,16.014568328857422
576,is only one,is all a,2.667,17.791297912597656
577,", the authorities should",", the administration should",3.333,12.468768119812012
578,recommendation that,further recommends that,3.667,19.672809600830078
579,- ladies,"well , ladies",3.667,18.637109756469727
580,language used,"language , or",2.667,19.59511947631836
581,well known,may know,3.333,27.141517639160156
582,knew you 'd come back .,knew you 'd come .,3.0,9.296584129333496
583,the committee agrees with,the commission agrees with,5.0,8.902525901794434
584,are essential,was important,3.667,19.189327239990234
585,"of the citizens of europe ,","of europeans ,",4.333,13.039251327514648
586,is my sister,'s my sister,4.667,10.550135612487793
587,are effectively,be clearly,2.333,21.35441780090332
588,you 're trying to,you would like to,4.0,15.651740074157715
589,economic conditions,economic,3.667,21.52161407470703
590,client services .,service to clients .,4.667,17.481304168701172
591,is significant,would be important,2.667,15.921307563781738
592,believe to be,think is,4.333,19.722097396850586
593,am asking you,'m just asking you,4.0,11.114592552185059
594,'s difficult for,is hard for,3.667,16.14601707458496
595,know each other,know them,3.667,17.002803802490234
596,and consequently,and therefore is,3.333,13.155477523803711
597,reiterating that,reiterated its view that,4.333,18.414220809936523
598,"of employment ,","of employment opportunities ,",3.667,13.7360258102417
599,"thank you , doctor","thank you , gentlemen",3.333,10.524555206298828
600,", where appropriate","when required ,",3.333,17.352453231811523
601,had yet to be,have still not been,4.0,15.236088752746582
602,of links between,of relationships between,4.0,14.822529792785645
603,centres of,regional centres for,4.333,20.592594146728516
604,those persons and,the individuals and,3.333,14.311749458312988
605,i am here,- i 'm in here,4.333,12.41447639465332
606,should be established,should be developed,3.667,9.420015335083008
607,in all aspects of,in every aspect of,4.333,10.991181373596191
608,reaffirmed by,been confirmed by,3.667,20.18460464477539
609,reaffirms the need,reiterates the need,4.667,9.370306968688965
610,as well as the,as was the,2.667,17.2227725982666
611,is n't possible,could n't be,3.667,16.0368709564209
612,defence of the rights of,protecting the rights of,4.0,14.551356315612793
613,the following,the following projects,2.333,13.090217590332031
614,iceland 's,iceland,4.0,16.740421295166016
615,purposes of prostitution,context of prostitution,4.667,18.09273338317871
616,must be of,must be given to,1.6669999999999998,15.554679870605469
617,is easy for,'s very easy for,4.667,13.81716537475586
618,completed,has now been completed,4.667,26.720355987548828
619,you in here ?,- are you there ?,3.333,16.121713638305664
620,orally and,orally amended,2.667,20.884735107421875
621,", including , for example ,",", for example to",2.667,10.486408233642578
622,and the objective,and the aim,3.667,9.839469909667969
623,", and intergovernmental","and intergovernmental organizations ,",4.0,16.53264045715332
624,is the administration,is the government,2.333,9.24881362915039
625,a couple of months ago,just a few months ago,4.667,11.196531295776367
626,the egyptian government,the government of egypt,3.667,12.574102401733398
627,applies only to,be limited to,4.0,21.757200241088867
628,has knowledge,is also known,2.667,22.093923568725586
629,observes that,has pointed out that,1.0,17.263317108154297
630,exists no,there being no,4.333,21.284650802612305
631,presented to the,to submit a,3.667,21.560726165771484
632,the tribunal shall,the tribunal is required,2.0,15.287702560424805
633,most indebted,most heavily indebted,3.667,14.281473159790039
634,and young people,and young persons,4.0,8.305558204650879
635,and by strengthening,and further strengthening,4.667,15.252631187438965
636,were not sufficient to,do not suffice to,4.333,18.500469207763672
637,factor is,success factor,3.0,25.505290985107422
638,respondents noted,respondents indicated,2.333,12.354537010192871
639,- this was,then it was,3.667,16.37114715576172
640,at the following session .,at the next session .,4.0,11.193214416503906
641,commission endorsed the,committee endorsed the,3.333,11.012073516845703
642,first nations people,"first nations ,",2.333,10.36005687713623
643,"programs and services ,",program / service,5.0,21.03977394104004
644,eu 2020 strategy,europe 2020 strategy is,4.0,17.46689224243164
645,the secretariat of the committee,the secretariat of the commission,3.0,6.184566020965576
646,integrate itself,to become integrated,4.0,23.512502670288086
647,is contrary to,be inconsistent with,4.333,19.4707088470459
648,who are they,- who the hell is that,3.333,17.718822479248047
649,languages other,language -rrb-,3.0,24.66663360595703
650,particular attention is paid,particular attention to,3.333,17.42267417907715
651,are talking about,speak of,4.333,22.333707809448242
652,is capable of being,is able to,4.0,16.470998764038086
653,committee at the,commission at its,3.667,13.505377769470215
654,to be prepared by the,drawn up by the,3.0,16.95087242126465
655,objectives in terms,objectives are,4.0,17.101978302001953
656,of the general conference,the general assembly was,3.333,18.303617477416992
657,the advantages of,the benefit of,4.333,16.719406127929688
658,dated 30 november 2000,on 30 november 2000,4.667,16.131444931030273
659,should like to emphasise,wish to emphasise,5.0,15.640125274658203
660,the adverse effects of,the negative impacts of,2.667,12.7147798538208
661,was eventually,had subsequently,3.333,20.300264358520508
662,its concern about the,preoccupation over the,3.333,17.181079864501953
663,purpose of this project is,aim of this project is,4.333,11.737378120422363
664,is often difficult,can be hard,1.6669999999999998,18.30559730529785
665,new government has,"government has ,",3.333,17.840675354003906
666,rates as,rate used,3.667,20.484798431396484
667,'s list of issues,its list of issues,5.0,9.790828704833984
668,"oh , really .","oh , is that so ?",4.333,15.164693832397461
669,and assessments,evaluations were,2.333,20.079317092895508
670,cautioned that,was indicated that,2.333,21.685651779174805
671,assessment should be,evaluation was,3.333,16.700490951538086
672,"or indirectly , to",or indirectly involved,4.0,13.483609199523926
673,also remains,is still in,3.333,18.714834213256836
674,account of the recommendations,in mind the recommendations,3.667,17.67353630065918
675,process to be followed,procedures to be used,3.667,14.547538757324219
676,japan has,the government of japan has,3.0,14.4348726272583
677,- i see,i 've been seeing,3.0,16.477075576782227
678,like russia,such as russia,4.667,16.453628540039062
679,provided for in section,provided in article,3.0,15.671982765197754
680,and will allow,and will enable,4.667,7.344578266143799
681,results from the,the effects of the,4.667,20.394763946533203
682,was here,'s been here,3.0,14.638110160827637
683,refusing to,are unwilling to,3.333,19.949552536010742
684,- that 's my,is this my,3.0,14.214770317077637
685,areas of competence,terms of reference,2.333,24.236249923706055
686,it 's my job .,this is my job .,2.667,9.017536163330078
687,may be able to,may be allowed,3.333,13.827632904052734
688,", is necessary",there must,4.333,25.128435134887695
689,'s interested in,is interested in,4.333,10.975263595581055
690,- i 'm telling you,i say to you,3.0,14.192193984985352
691,is n't your,'re not in your,2.333,17.828643798828125
692,socio-economic rights,economic and social rights,4.333,19.162939071655273
693,by reason of its,by virtue of its,4.667,13.661255836486816
694,runs contrary to,was contrary to,4.667,14.272785186767578
695,particular concerns,specific concerns,3.333,15.67747688293457
696,receive benefits,benefits are,3.0,20.40312957763672
697,"hey , you okay",you feeling all right,4.667,22.13800048828125
698,- this is great,"great , thank you",4.333,20.178058624267578
699,", in the implementation of the",in implementing its,3.667,15.869805335998535
700,is hereby replaced by the following,is replaced by the following,4.0,11.938361167907715
701,opportunity is,opportunity today,2.667,15.358692169189453
702,emphasized the need,emphasized the importance,4.667,13.795872688293457
703,expanded by,an increase by,4.333,20.61367416381836
704,are necessary,needs to be done,2.333,21.681440353393555
705,participate actively in the,be actively involved in the,3.333,14.234070777893066
706,issue of trafficking,trafficking in persons,3.0,22.626943588256836
707,are derived from the,arise from the,4.333,15.840346336364746
708,sincerely hopes,to be hoped,3.333,25.09939193725586
709,", and in particular those",", particularly regarding",3.0,14.713761329650879
710,permanent members and,permanent category and the,3.667,19.759382247924805
711,translates into,are translated into,4.667,16.31633949279785
712,completely destroyed,was destroyed,4.667,19.97041893005371
713,changed by,is to amend,3.0,22.80521583557129
714,basic infrastructure,infrastructure,4.667,23.25636100769043
715,are communicated,- communications,4.0,23.36457061767578
716,is in here,'re over here,3.667,17.111923217773438
717,it is quite clear,it is also clear,3.667,10.196806907653809
718,who was that,- who 's that,2.333,11.674769401550293
719,may be considered,may be regarded,4.0,10.407303810119629
720,", especially in the countries",", particularly in countries",3.333,7.75784969329834
721,provided for under paragraph,called for in paragraph,3.667,17.223102569580078
722,"is essential that ,",is critical that,3.333,11.412556648254395
723,of the board of directors,of the board of the,3.333,9.763724327087402
724,documents issued,documents on,2.667,18.017871856689453
725,also contributed to,has helped to,4.333,19.573644638061523
726,- i do n't,ls n't,2.667,19.817562103271484
727,objects of the,of the purposes of the,2.667,20.510963439941406
728,ethnic communities,ethnic groups,4.0,13.356674194335938
729,and considers the,are considered to be the,4.333,18.37147331237793
730,you need,necessary,4.333,29.285367965698242
731,you are such an idiot,you fool,3.667,21.080034255981445
732,which was applicable,that can be applied,2.667,17.82973861694336
733,the trans-european networks,the trans-european transport network,4.333,11.86411190032959
734,of enhancing the,in fostering the,2.667,19.241411209106445
735,had died,just died,3.333,18.57211685180664
736,concerned with,very concerned about,2.333,16.813064575195312
737,equal conditions,equals,4.667,29.582677841186523
738,main aim of the,main objectives of the,4.333,11.355756759643555
739,emphasizes the importance of the,underlines the need for,4.333,17.17205810546875
740,seriously wounded,were wounded,3.333,21.96917152404785
741,members of the council,the legislative council,4.0,19.82033348083496
742,the creation of mechanisms,the establishment of mechanisms,4.667,9.390975952148438
743,by the way in which,by the manner in which,4.333,10.118334770202637
744,", i think that 's",i believe this is,4.0,11.775863647460938
745,and current,and was currently,4.0,17.515722274780273
746,the obligations of,the commitments contained in,4.0,17.83519744873047
747,main trading partner,major trading partners,4.0,16.601078033447266
748,are considered to be,shall be regarded as,4.333,17.837297439575195
749,such measures,the relevant measures,3.667,20.250980377197266
750,would be required,may be necessary to,1.3330000000000002,16.5211124420166
751,commission for human rights and,commission and,3.333,19.27442169189453
752,departments and,"other government departments , and",4.0,15.259285926818848
753,committee took,commission to,3.333,22.256118774414062
754,used to identify,used to indicate,4.0,10.835512161254883
755,""" i am","yes , i am",4.0,14.657275199890137
756,remain very,was still very,2.667,18.776010513305664
757,"quite clearly ,",it is clearly,3.333,19.78082275390625
758,delegation is convinced that,delegation firmly believes that,3.0,12.850618362426758
759,i do n't have time,i have n't got time,4.0,11.059891700744629
760,authority is,authorities to,3.667,26.09025001525879
761,", referring to",refers to the,4.0,15.353179931640625
762,the task force and,the working group and,4.0,16.679391860961914
763,shall refuse to,are unwilling to,3.333,19.784502029418945
764,had indicated that,shown that,4.0,19.577367782592773
765,"of small and medium-sized enterprises ,",small and medium sized enterprises,4.333,16.01845932006836
766,is there anybody there,is anyone in there,5.0,13.456151962280273
767,are quickly,are rapidly,3.333,9.517911911010742
768,pointed out that,important to point out that,3.667,15.209381103515625
769,it noted that the,working group noted that the,4.333,14.290583610534668
770,and organizations,"-rrb- , the organization",2.0,19.514015197753906
771,-it 's just,this is just,3.667,16.7835636138916
772,- where 'd,where the hell did,2.667,18.782817840576172
773,particulars of the,"for further details ,",2.333,22.39065170288086
774,quality of her,high quality of its,3.333,14.745396614074707
775,not already,have not yet been,2.667,21.50040054321289
776,"resources , both human and",of human resources and,4.333,16.906330108642578
777,becomes possible,is still possible,4.0,17.63338851928711
778,being seriously,seriously considering,4.0,24.49427604675293
779,it was necessary to,there must be an,4.0,19.473093032836914
780,selling of,purchase and sale of,4.0,22.360549926757812
781,few weeks and,week and,3.333,20.145023345947266
782,"both categories ,","categories ,",3.667,15.590998649597168
783,", the commission was",", the board did",1.6669999999999998,13.794758796691895
784,normal conditions of,its normal,4.0,24.25507354736328
785,'re on the right track,are on the right path,3.667,10.005712509155273
786,intensify our efforts to,strengthen efforts to,4.667,13.459222793579102
787,products exported,", exports",3.333,21.590131759643555
788,"knew that ,",is recognised that,3.333,18.503009796142578
789,it is necessary to,it was vital to,3.0,12.608684539794922
790,natural disasters,disaster reduction,2.667,26.316951751708984
791,this is awesome !,that 's great !,3.333,11.551868438720703
792,is an attempt,is now trying,4.333,17.991783142089844
793,be perceived as,interpreted as,4.0,18.9604549407959
794,our shared commitment,our common commitment,4.0,14.089580535888672
795,regarding the application of the,on the implementation of the,3.333,12.646064758300781
796,approximately one million,around one million,4.333,11.681121826171875
797,accessible to everyone,accessible,4.667,22.67717742919922
798,is moving forward,going ahead,3.667,23.161476135253906
799,"about 20,000","around 20,000",3.667,11.505964279174805
800,and publication,and was published,3.667,19.096406936645508
801,adopted the draft decision,approved the draft decision,3.333,12.023031234741211
802,is part and parcel of,is one of,3.667,20.994422912597656
803,been relatively,is very,1.6669999999999998,21.149660110473633
804,right and obligation to,right and the duty to,3.667,13.243576049804688
805,"- gentlemen , gentlemen",my lords and gentlemen,3.333,20.02048683166504
806,", i just got",i only got,3.333,11.862736701965332
807,coming back,coming home,3.0,16.02602195739746
808,", the board had",", the commission has",2.667,12.181775093078613
809,'s fine,is fine,4.667,17.171857833862305
810,its consideration of this,review of this,2.667,17.109880447387695
811,"medical doctors ,","for doctors ,",4.0,16.87214469909668
812,", not only at",", not just at",3.667,8.391142845153809
813,this is something that,this really,2.667,18.592226028442383
814,see table,tables,4.0,30.447532653808594
815,been informed,received information,3.333,23.140474319458008
816,an area of solidarity,solidarity,2.0,28.033782958984375
817,is permitted to,may be able to,3.667,17.859357833862305
818,contributing to the,by facilitating the,3.667,19.399776458740234
819,'s recommendations contained in,recommendations included in,4.333,14.080485343933105
820,of the labour,of the population is,1.6669999999999998,16.847631454467773
821,the assembly also wishes to,the assembly too wishes to,4.333,10.120997428894043
822,co-sponsors on the draft resolution,the sponsors of the draft resolution,3.333,13.110943794250488
823,"'s all right ,",", are you all right",3.0,17.13082504272461
824,be forwarded to the,be transmitted to the,2.667,12.435713768005371
825,was indicated that,points out that,3.667,20.33279037475586
826,", especially in the area",", in particular in the areas",4.0,9.535572052001953
827,united nations membership,member states of the united nations,3.333,19.421775817871094
828,never was,i 've never been,3.333,19.541547775268555
829,it was nevertheless,it nonetheless,4.333,18.081684112548828
830,"recalled that ,",was indicated that,2.333,19.65723419189453
831,the specificities of,the characteristics of,4.333,13.494660377502441
832,""" current",currently working,2.333,26.794218063354492
833,'m coming back,comes back,3.333,16.898963928222656
834,recommendation .,policy recommendations .,3.0,17.28308868408203
835,allows you to,it enables you to,3.333,10.91901969909668
836,was in favour of,is also supporting,4.667,19.012033462524414
837,centres for,regional centres for,2.333,15.992863655090332
838,but it was,"; however , it is",3.333,11.688072204589844
839,enhance productivity,improve productivity,3.333,13.751684188842773
840,the international criminal tribunal,the appeals tribunal,2.0,18.21255111694336
841,and stressing the,and underscored the,2.667,13.097970962524414
842,shall adopt its own rules of,shall adopt its rules of,4.333,7.394385814666748
843,' exports,domestic export,2.667,26.87845802307129
844,both the united states,from the united states,4.0,12.771552085876465
845,are set out in annex,listed in annex,3.333,17.96326446533203
846,were essential for,is key to,3.667,16.148473739624023
847,", thereby contributing",", thus providing",4.333,14.592217445373535
848,- who 's,who are they,3.0,15.933027267456055
849,so proud of you,really proud of you,4.333,10.321687698364258
850,are essential to,be necessary for,3.0,16.61022186279297
851,result of the,outcomes of all the,1.3330000000000002,19.74097442626953
852,'m asking you to,ask you to,3.333,11.891263008117676
853,to continue its endeavours,to continue his efforts,4.667,10.51492977142334
854,i hope you 're kidding,you 're kidding,3.333,14.123230934143066
855,replaced by :,replaced as follows :,4.333,13.541741371154785
856,which is applicable to,that applied to,4.333,15.8526029586792
857,2 . demands,. demands,4.0,15.53687572479248
858,i think that 's,i think that is,4.667,5.474052429199219
859,why exactly,why,3.667,18.567981719970703
860,member states of the eu,members of the european union,4.333,17.024112701416016
861,what 's happened,what happens,4.333,15.120747566223145
862,of ministers of,state minister for,2.667,23.17793083190918
863,is recommending,further recommends,4.0,19.560302734375
864,shall be authorized to,shall be permitted to,4.333,9.926196098327637
865,were required to,are available to,2.667,17.455520629882812
866,objectives and targets,objectives with,3.0,15.088046073913574
867,are not consistent with,was incompatible with,3.333,16.367433547973633
868,to strengthen its efforts to,intensify efforts to,3.333,15.343771934509277
869,all aspects of the,all areas of the,4.333,12.030936241149902
870,play an important role in,play a major role in,3.667,9.030157089233398
871,were involved,to become involved,3.667,18.170793533325195
872,the rights and liberties of,the rights and freedoms of,4.333,10.11358642578125
873,been withdrawn and,been removed and,3.667,12.096002578735352
874,is now complete,is complete,5.0,11.444272994995117
875,- are you sure ?,"well , yes .",1.6669999999999998,20.934843063354492
876,"of these issues ,","in these matters ,",4.0,14.814888954162598
877,it necessary,it needs to be,3.667,18.66982078552246
878,references in,referred to in,4.0,20.8184814453125
879,while countering terrorism,when combating terrorism,4.333,13.817158699035645
880,any agreement,the peace agreements,3.333,21.178937911987305
881,is for that reason that,is exactly why,3.333,18.10926628112793
882,", and considered",", and considers that",3.333,11.037768363952637
883,be derived from,be drawn from,4.333,17.47212028503418
884,outcomes of these,results from these,4.667,16.933570861816406
885,available online,", which is available",3.333,23.732980728149414
886,'s views .,views .,4.333,12.017258644104004
887,been solved,can be resolved,5.0,18.74174690246582
888,the european union has,the eu has,4.0,18.309951782226562
889,of the activities of,on the operations of,2.333,16.344005584716797
890,also reiterate,also reaffirmed that,5.0,16.44906234741211
891,is recognised,also recognized,4.667,16.64974021911621
892,of course we are,of course i 'm right,3.667,14.50059700012207
893,members of the committee for,member of the board,3.333,14.15416431427002
894,month ago,months in the,4.333,25.239728927612305
895,please keep,shall be kept,3.0,23.51836585998535
896,recommendations :,recommendations for action,2.667,17.470361709594727
897,policy recommendations,specific recommendations,3.0,21.28148651123047
898,specific situations,special situation,4.0,25.153579711914062
899,was the issue,is the matter,4.667,12.441076278686523
900,chairman of the working group,chair of the working group,2.667,8.339534759521484
901,here it goes .,there you go .,4.0,15.139544486999512
902,safeguard security,guarantee the security,2.333,19.34266471862793
903,was often,are most often,4.0,17.423234939575195
904,million of,millions and millions,4.0,25.912931442260742
905,", particularly article",", in particular its article",4.333,15.646286964416504
906,", i welcome the",", i am grateful for the",3.333,13.512030601501465
907,and the aims,and the goals of the,3.667,13.566507339477539
908,political initiatives,policy initiatives,3.333,19.053342819213867
909,is because,is the reason why,3.0,18.825286865234375
910,i really hope that,i am hopeful that,4.0,14.937705039978027
911,direction towards,moving towards,3.0,24.628063201904297
912,very concerned,further concerned,4.0,22.27490234375
913,and so i,and that is why i,2.333,13.965392112731934
914,particularly with respect to the,including those relating to the,3.667,14.937239646911621
915,or workshops,training workshops,4.0,23.35423469543457
916,as a result of,immediately following the adjournment of,2.333,22.033926010131836
917,is available to,are offered to,2.667,14.863241195678711
918,field of,is a matter of,2.667,27.953401565551758
919,", and modernization",and modernization construction,4.333,15.946272850036621
920,is incompatible with,be contrary to,3.333,20.173795700073242
921,you doing okay,you 're gonna be ok,3.667,18.95589828491211
922,"aboriginal communities , and",aboriginal and,3.333,17.549367904663086
923,is a simple one,'s simple,4.333,18.814586639404297
924,of antimicrobial drugs,of antimicrobials,3.667,12.917840003967285
925,produced per,produced by,3.0,17.58524513244629
926,reported that,be pointed out that,2.667,20.72902488708496
927,assistance provided by the,help from the,3.667,16.275516510009766
928,"yes , they are .","yeah , that 's right .",4.333,15.554208755493164
929,members of this council,"legislative council ,",3.0,23.16438865661621
930,should help to,should contribute to,4.667,16.415807723999023
931,"like france ,","including france ,",3.0,13.34389877319336
932,whether we need to,whether it is necessary to,5.0,13.74443244934082
933,ca n't believe this is happening,ca n't believe this,3.667,10.856382369995117
934,of equal opportunity,of equality of opportunity,4.0,17.724485397338867
935,he 's gone,he is gone,3.667,9.837502479553223
936,advisory committee 's comments,observations of the advisory committee,4.0,18.83588218688965
937,discussed at,discussion within,4.333,23.77678871154785
938,both children,"children """,3.333,23.405141830444336
939,is the situation,'s the situation,4.333,11.311606407165527
940,of this paper is,of this article shall be,2.667,14.769064903259277
941,are indicated below,included the following,3.667,21.278566360473633
942,", then click ok",", and click ok",4.667,10.29095458984375
943,a press conference held in,a news conference in,2.333,12.990017890930176
944,coming months,the next few months,3.333,23.563762664794922
945,", reported that",", the report said",4.333,16.594135284423828
946,a set of indicators,a series of indicators,4.667,10.554566383361816
947,consideration of this item at its,consideration of this matter at its,2.333,11.879861831665039
948,increase their efforts to,step up their efforts to,4.667,13.489377975463867
949,matters related to,matters relevant to the,4.333,14.02193832397461
950,'ve heard a lot,heard a lot,3.667,12.439931869506836
951,contribute significantly,made a significant contribution,4.667,24.848100662231445
952,was decided to,decides whether to,2.667,17.76911735534668
953,the importing of,the import of,4.333,11.219282150268555
954,- this is,"- hey , it 's",3.667,15.417457580566406
955,achieve the objectives,achieving the goals,5.0,12.147451400756836
956,this factor,these considerations,2.667,22.243549346923828
957,i really am,"yes , i do",1.6669999999999998,18.536470413208008
958,continued to consider,continued its consideration of,3.333,17.692380905151367
959,did n't i,"do n't you think ,",3.0,18.014455795288086
960,"had shown that ,",indicated that,3.667,17.077503204345703
961,international instruments,international human rights instruments,3.667,18.28112030029297
962,are in the,are subject to the,2.667,17.639734268188477
963,process of selecting,the select,3.667,23.52486228942871
964,'s interesting to see,is interesting to see,4.333,8.917919158935547
965,shall be in,are currently in,2.0,19.53706932067871
966,been contributing,significantly contributed,3.0,21.92119789123535
967,at the national and international levels,", nationally and internationally",4.0,22.97986602783203
968,have yet been,have ever been,1.6669999999999998,14.898093223571777
969,i got a gift for you,i got a present for you,5.0,8.3455810546875
970,"no , i am","oh , well , i",3.333,18.94691276550293
971,shortfalls in,there is a shortage,2.0,21.328777313232422
972,revenue generation,revenue,4.333,21.54439353942871
973,i wish i knew,i want to know,3.667,15.597001075744629
974,national non-governmental organizations,the non-governmental organizations,3.667,15.532889366149902
975,the poorest of the poor,the very poor,4.0,17.905832290649414
976,only half,half,4.0,21.264101028442383
977,confirms that a,confirmed that a,4.333,8.99500846862793
978,at all levels of,at all stages of the,4.333,13.51752758026123
979,led by iyad,headed by iyad,2.333,12.440319061279297
980,- we 've got,i think we 've,3.667,16.673236846923828
981,recommendations issued by the,recommendations contained in the,3.667,14.358172416687012
982,million u.s. dollars of,"million us dollars ,",5.0,15.729656219482422
983,considers that the,is of the opinion that the,3.0,15.312302589416504
984,listed in paragraph,in accordance with paragraph,2.667,20.394079208374023
985,that 's exactly what i,this is what i,3.333,11.328227996826172
986,", including both",", which included the",2.667,13.734936714172363
987,be ensured that,assured that,3.0,18.244050979614258
988,that solution,such a solution,5.0,16.519439697265625
989,explanations of vote,explanation,3.0,23.633066177368164
990,is also important,is also imperative,2.667,10.78100872039795
991,is certain that,expressed his belief that,3.333,20.806495666503906
992,on the proposed,relating to the proposed programme,3.667,17.782243728637695
993,unless specified otherwise,unless specifically stated otherwise,4.667,12.695490837097168
994,its efforts to combat,the area of combating,3.667,19.921205520629883
995,considered by the,give consideration to the,4.333,19.190704345703125
996,an enlarged security,an expanded security,4.0,11.23558235168457
997,are detailed,"for detailed information ,",4.333,22.696977615356445
